date,open,high,low,close,change_percent,volume,traded_amount,status
2023-09-25,293.0,293.0,263.7,264.0,-9.9,118856.0,31625318.6,-1
2023-09-26,258.8,276.5,258.0,275.0,4.17,63032.0,16871595.2,1
2023-09-27,275.0,301.5,274.0,293.0,6.55,37432.0,10831769.9,1
2023-10-01,290.0,290.0,263.8,266.0,-9.22,68013.0,18419323.0,-1
2023-10-02,260.7,280.0,252.0,275.0,3.38,42692.0,11075939.7,1
2023-10-03,270.0,270.8,250.3,262.0,-4.73,29670.0,7830033.8,-1
2023-10-04,267.2,268.0,257.1,261.1,-0.34,27206.0,7113099.3,-1
2023-10-05,265.0,270.0,255.0,258.0,-1.19,21735.0,5670646.5,-1
2023-10-08,262.1,271.9,252.1,263.0,1.94,37222.0,9698184.6,1
2023-10-09,260.0,285.6,258.1,273.0,3.8,62477.0,17141655.1,1
2023-10-10,273.0,290.0,271.0,289.0,5.86,57377.0,16014874.7,1
2023-10-11,290.0,300.0,282.3,293.1,1.42,57844.0,16850292.7,1
2023-10-12,288.0,298.9,279.0,290.0,-1.06,53633.0,15260363.0,-1
2023-10-16,284.2,284.2,268.7,269.3,-7.14,23129.0,6335064.8,-1
2023-10-17,267.0,279.9,264.0,266.6,-1.0,33009.0,8925633.8,-1
2023-10-18,266.0,279.9,263.3,274.9,3.11,24107.0,6587397.0,1
2023-10-19,272.0,277.4,263.8,271.0,-1.42,13606.0,3657363.9,-1
2023-10-29,267.0,284.2,262.0,265.0,-2.21,22960.0,6238683.5,-1
2023-10-30,270.0,291.5,261.2,271.0,2.26,11504.0,3096246.2,1
2023-10-31,270.0,276.4,261.0,268.0,-1.11,7290.0,1923418.0,-1
2023-11-01,268.7,289.8,256.1,262.7,-1.98,11781.0,3081113.0,-1
2023-11-02,257.6,260.2,252.5,257.0,-2.17,17844.0,4566926.5,-1
2023-11-05,252.4,254.0,247.4,249.5,-2.92,17341.0,4347556.6,-1
2023-11-06,245.3,258.0,245.3,254.0,1.8,9902.0,2500666.0,1
2023-11-07,257.0,259.0,242.0,249.8,-1.65,30672.0,7597080.1,-1
2023-11-08,244.9,250.0,241.1,247.0,-1.12,23653.0,5785213.0,-1
2023-11-09,242.1,246.0,238.2,240.0,-2.83,17589.0,4235482.0,-1
2023-11-20,236.8,244.8,231.0,236.9,-1.29,13931.0,3291010.5,-1
2023-11-21,232.2,232.2,221.1,225.0,-5.02,16216.0,3635758.2,-1
2023-11-22,220.5,229.5,217.1,223.0,-0.89,12540.0,2799558.0,-1
2023-11-23,227.0,236.5,219.0,236.5,6.05,11185.0,2537844.5,1
2023-11-26,236.5,243.0,227.4,241.0,1.9,22389.0,5305759.5,1
2023-11-27,245.0,245.0,234.0,236.0,-2.07,9625.0,2281466.4,-1
2023-11-28,236.0,240.9,228.6,240.9,2.08,24417.0,5695453.9,1
2023-11-29,236.1,240.0,228.0,232.0,-3.69,11680.0,2705203.0,-1
2023-11-30,227.4,233.5,222.0,224.0,-3.45,17577.0,3978110.0,-1
2023-12-03,228.0,230.5,219.7,223.0,-0.45,11340.0,2532814.0,-1
2023-12-04,220.8,229.0,220.8,224.1,0.49,11429.0,2577447.3,1
2023-12-05,222.0,231.9,222.0,226.0,0.85,14913.0,3364315.0,1
2023-12-06,222.1,226.0,222.1,224.0,-0.88,5630.0,1261392.0,-1
2023-12-07,226.5,232.8,223.0,227.0,1.34,22987.0,5265500.4,1
2023-12-10,231.5,247.0,231.5,247.0,8.81,1275.0,313476.0,1
2023-12-11,250.0,250.0,232.4,244.9,-0.85,34656.0,8301165.6,-1
2023-12-12,248.0,251.0,233.8,247.0,0.86,41271.0,10085911.4,1
2023-12-13,247.0,267.3,247.0,249.0,0.81,49380.0,12599766.5,1
2023-12-14,245.0,264.0,245.0,260.0,4.42,28595.0,7290064.9,1
2023-12-17,255.0,278.9,250.0,278.9,7.27,53010.0,14334560.5,1
2023-12-18,281.0,282.6,264.0,269.8,-3.26,60852.0,16588998.9,-1
2023-12-19,270.0,272.0,260.0,270.0,0.07,21530.0,5728248.8,1
2023-12-20,270.0,279.4,262.0,269.8,-0.07,38131.0,10322416.0,-1
2023-12-21,275.1,275.1,256.0,256.0,-5.11,37593.0,9876416.4,-1
2023-12-24,256.0,271.0,256.0,261.0,1.95,48664.0,12940587.5,1
2023-12-27,262.0,279.0,262.0,275.0,5.36,60120.0,16378539.0,1
2023-12-28,280.0,299.0,265.0,296.5,7.82,96908.0,28096125.3,1
2024-01-01,302.4,307.0,279.0,280.5,-5.4,58636.0,17071016.3,-1
2024-01-02,276.3,286.1,269.5,273.0,-2.67,44494.0,12198457.8,-1
2024-01-03,268.0,285.1,268.0,284.9,4.36,26414.0,7430294.6,1
2024-01-04,279.3,293.6,279.3,280.0,-1.72,65130.0,18675284.8,-1
2024-01-07,278.0,296.0,278.0,282.0,0.71,50358.0,14411485.7,1
2024-01-08,285.0,310.2,282.0,304.1,7.84,77169.0,22992974.8,1
2024-01-09,304.1,324.0,304.1,306.0,0.62,78858.0,24898227.0,1
2024-01-10,311.0,317.0,301.2,301.3,-1.54,46433.0,14360618.3,-1
2024-01-11,302.0,327.0,302.0,316.2,4.95,60403.0,19104064.2,1
2024-01-14,322.5,337.0,320.2,328.0,3.73,45127.0,14914380.0,1
2024-01-16,330.0,339.9,314.6,320.0,-2.44,84605.0,27851418.6,-1
2024-01-17,321.0,326.6,297.0,299.0,-6.56,65308.0,20146191.6,-1
2024-01-18,294.0,321.0,294.0,310.0,3.68,41321.0,12683028.9,1
2024-01-21,305.0,336.0,305.0,313.6,1.16,96514.0,30983611.7,1
2024-01-22,310.3,332.0,310.3,319.9,2.01,63358.0,20518544.0,1
2024-01-23,321.0,327.4,314.0,318.5,-0.44,28836.0,9224443.2,-1
2024-01-24,313.1,320.0,302.9,308.0,-3.3,18609.0,5824883.6,-1
2024-01-25,303.8,314.1,298.0,299.0,-2.92,43612.0,13208634.5,-1
2024-01-28,303.0,315.0,297.0,308.0,3.01,28755.0,8809809.9,1
2024-01-29,314.0,317.0,304.0,312.0,1.3,36267.0,11311133.8,1
2024-01-30,312.0,328.0,311.0,322.8,3.46,42737.0,13732290.6,1
2024-01-31,322.8,329.0,307.1,312.8,-3.1,26692.0,8437630.2,-1
2024-02-01,307.1,310.0,302.1,304.0,-2.81,21045.0,6423674.0,-1
2024-02-04,304.0,309.0,298.1,303.1,-0.3,19060.0,5780282.6,-1
2024-02-05,300.0,311.0,299.9,309.0,1.95,19612.0,6009308.8,1
2024-02-06,309.0,310.0,304.8,309.4,0.13,8828.0,2715476.4,1
2024-02-07,309.4,319.0,306.5,314.1,1.52,38127.0,11982079.1,1
2024-02-08,320.0,338.4,311.0,333.0,6.02,113178.0,37414707.5,1
2024-02-11,339.6,346.9,334.2,340.0,2.1,67287.0,22951396.2,1
2024-02-12,346.8,356.8,331.0,355.0,4.41,114403.0,39467185.7,1
2024-02-13,350.0,371.0,343.0,356.0,0.28,94137.0,33672967.5,1
2024-02-14,349.0,360.0,343.1,352.0,-1.12,52843.0,18554785.2,-1
2024-02-15,345.5,356.0,345.1,353.0,0.28,63104.0,22058414.7,1
2024-02-18,350.0,350.0,334.0,334.2,-5.33,48733.0,16501481.0,-1
2024-02-20,332.0,340.0,331.5,333.0,-0.36,35823.0,12010862.0,-1
2024-02-21,339.0,339.6,329.0,334.0,0.3,19153.0,6390732.0,1
2024-02-22,328.1,335.2,320.0,330.0,-1.2,41517.0,13606447.4,-1
2024-02-25,328.0,330.0,315.0,324.0,-1.82,27725.0,8881452.5,-1
2024-02-26,320.0,328.0,314.2,320.2,-1.17,20407.0,6514792.0,-1
2024-02-27,320.2,332.4,313.9,325.0,1.5,12061.0,3904904.4,1
2024-02-28,325.0,331.5,317.0,321.0,-1.23,23115.0,7449084.9,-1
2024-02-29,318.0,321.0,305.0,309.0,-3.74,30539.0,9429864.0,-1
2024-03-03,303.6,315.0,300.0,310.0,0.32,18791.0,5719425.2,1
2024-03-04,316.2,339.1,316.2,339.1,9.39,2550.0,840224.0,1
2024-03-05,345.8,345.8,318.0,318.9,-5.96,26165.0,8564829.8,-1
2024-03-06,318.0,332.0,312.5,331.5,3.95,30291.0,9812337.0,1
2024-03-07,338.1,344.8,325.0,328.7,-0.84,23626.0,7815712.0,-1
2024-03-10,329.0,334.0,326.0,327.5,-0.37,15317.0,5054459.0,-1
2024-03-12,331.0,334.0,327.0,328.1,0.18,13433.0,4438487.9,1
2024-03-13,328.0,337.0,321.8,335.8,2.35,25632.0,8494594.0,1
2024-03-14,335.0,339.6,325.0,330.9,-1.46,13734.0,4535848.5,-1
2024-03-17,324.7,332.0,320.5,329.4,-0.45,16605.0,5398651.0,-1
2024-03-18,322.9,332.9,320.1,324.8,-1.4,14137.0,4623921.8,-1
2024-03-19,322.6,334.9,321.0,324.7,-0.03,17174.0,5586719.9,-1
2024-03-20,323.1,330.0,321.0,324.0,-0.22,8655.0,2799678.4,-1
2024-03-21,319.1,325.0,313.7,316.8,-2.22,16636.0,5270836.9,-1
2024-03-25,312.0,315.0,306.1,313.5,-1.04,24190.0,7475837.4,-1
2024-03-26,309.0,335.9,309.0,331.0,5.58,42540.0,13874605.7,1
2024-03-27,325.0,340.0,325.0,333.0,0.6,29723.0,9974662.3,1
2024-03-28,339.0,365.0,327.1,355.0,6.61,80838.0,28275032.2,1
2024-03-31,355.0,384.0,350.0,371.0,4.51,138024.0,51633489.8,1
2024-04-01,371.0,375.0,348.1,348.1,-6.17,55498.0,19966188.7,-1
2024-04-02,341.2,358.0,336.0,343.9,-1.21,18718.0,6406370.0,-1
2024-04-03,343.0,348.0,332.2,342.0,-0.55,18442.0,6220875.4,-1
2024-04-04,335.2,344.0,330.0,342.0,0.0,32571.0,10929288.0,0
2024-04-07,335.2,345.0,335.0,340.5,-0.44,28310.0,9573421.5,-1
2024-04-09,340.5,361.0,338.1,355.0,4.26,40357.0,14330893.9,1
2024-04-10,350.0,363.7,339.0,341.0,-3.94,26985.0,9328795.0,-1
2024-04-14,340.0,356.0,336.9,344.9,1.14,24791.0,8568836.2,1
2024-04-15,351.7,351.7,340.0,343.7,-0.35,20865.0,7208278.7,-1
2024-04-16,338.0,343.8,333.3,334.0,-2.82,13198.0,4453689.3,-1
2024-04-18,336.0,336.0,325.0,330.0,-1.2,22238.0,7279207.5,-1
2024-04-21,331.0,341.8,324.6,339.9,3.0,17614.0,5853906.7,1
2024-04-22,339.9,351.0,333.3,334.0,-1.74,23089.0,7906747.2,-1
2024-04-24,340.6,343.0,330.1,335.1,0.33,7475.0,2507020.0,1
2024-04-25,330.0,338.6,324.1,333.0,-0.63,24555.0,8128548.5,-1
2024-04-28,333.0,341.5,329.4,333.0,0.0,12430.0,4128874.1,0
2024-04-29,330.0,338.0,330.0,334.9,0.57,7567.0,2519904.1,1
2024-04-30,328.6,341.0,328.6,336.0,0.33,17729.0,5930837.7,1
2024-05-02,329.6,342.0,327.0,328.0,-2.38,18252.0,6085334.2,-1
2024-05-05,334.0,334.0,317.1,320.0,-2.44,16839.0,5434334.7,-1
2024-05-06,326.4,327.0,320.0,326.4,2.0,25896.0,8384704.1,1
2024-05-07,320.0,330.0,320.0,327.9,0.46,6843.0,2231780.5,1
2024-05-08,325.1,330.0,318.0,321.0,-2.1,20182.0,6490524.2,-1
2024-05-09,320.0,328.0,320.0,320.6,-0.12,11744.0,3800969.9,-1
2024-05-12,320.0,331.0,317.0,324.0,1.06,14349.0,4651579.2,1
2024-05-13,320.0,330.9,319.2,327.0,0.93,8005.0,2626253.0,1
2024-05-14,332.0,343.3,322.0,342.0,4.59,35824.0,11999868.6,1
2024-05-15,340.0,342.0,329.0,330.0,-3.51,21354.0,7127217.1,-1
2024-05-16,336.6,336.6,324.0,326.0,-1.21,16146.0,5290080.2,-1
2024-05-19,326.0,339.1,325.9,335.9,3.04,22556.0,7499648.8,1
2024-05-20,340.9,347.9,332.5,335.0,-0.27,18506.0,6302612.0,-1
2024-05-21,335.0,345.0,332.0,342.9,2.36,26889.0,9186732.4,1
2024-05-22,342.9,345.6,333.2,333.2,-2.83,23777.0,8075409.3,-1
2024-05-26,333.2,336.9,327.1,330.0,-0.96,16040.0,5314686.1,-1
2024-05-27,326.2,337.8,326.2,330.0,0.0,8904.0,2958956.0,0
2024-05-29,336.6,363.0,331.0,363.0,10.0,173016.0,62251164.0,1
2024-05-30,370.2,399.3,370.2,399.3,10.0,68999.0,27546186.7,1
2024-06-02,407.2,435.0,405.0,429.0,7.44,295099.0,124464249.9,1
2024-06-03,437.0,453.0,410.2,415.0,-3.26,156560.0,67558398.0,-1
2024-06-04,406.7,414.0,387.1,399.0,-3.86,76598.0,30824461.9,-1
2024-06-05,392.0,399.0,376.0,377.0,-5.51,141429.0,53991814.5,-1
2024-06-06,377.0,408.0,371.2,400.7,6.29,129383.0,50582853.0,1
2024-06-09,408.7,408.7,385.0,385.0,-3.92,102376.0,40530441.5,-1
2024-06-10,392.7,408.0,378.0,399.9,3.87,99907.0,39949381.4,1
2024-06-11,398.1,425.0,398.1,424.0,6.03,79506.0,33230128.2,1
2024-06-12,415.6,429.0,410.0,415.0,-2.12,70621.0,29550466.1,-1
2024-06-13,408.0,423.3,398.0,401.0,-3.37,85923.0,34834482.2,-1
2024-06-16,409.0,409.0,390.0,393.0,-2.0,50406.0,20065154.2,-1
2024-06-18,398.4,400.0,385.0,386.0,-1.78,28789.0,11247375.0,-1
2024-06-19,383.1,408.0,383.1,396.0,2.59,33830.0,13420653.4,1
2024-06-20,396.0,409.6,391.1,393.0,-0.76,35561.0,14280940.1,-1
2024-06-23,389.1,400.0,385.0,385.1,-2.01,31438.0,12262311.3,-1
2024-06-24,383.1,395.0,383.1,390.0,1.27,26080.0,10207624.0,1
2024-06-25,390.0,403.0,390.0,399.0,2.31,50805.0,20270121.7,1
2024-06-26,403.0,409.5,393.0,396.0,-0.75,39592.0,15893631.8,-1
2024-06-27,391.7,398.0,391.0,392.0,-1.01,12336.0,4851846.4,-1
2024-06-30,386.0,397.0,386.0,392.9,0.23,24212.0,9458583.1,1
2024-07-01,386.1,396.3,385.0,390.0,-0.74,22593.0,8821140.5,-1
2024-07-02,397.8,421.0,393.0,397.0,1.79,42323.0,16915867.2,1
2024-07-03,391.0,396.0,385.0,390.0,-1.76,24609.0,9614367.3,-1
2024-07-04,386.0,403.0,386.0,393.0,0.77,19853.0,7866049.8,1
2024-07-07,399.0,399.0,388.0,392.9,-0.03,25358.0,9901369.8,-1
2024-07-08,390.0,396.0,387.0,389.0,-0.99,16866.0,6563772.0,-1
2024-07-09,386.0,392.5,386.0,390.0,0.26,16085.0,6253381.4,1
2024-07-10,396.9,396.9,390.2,393.5,0.9,29840.0,11733324.4,1
2024-07-11,398.0,402.5,392.0,399.0,1.4,39332.0,15654802.2,1
2024-07-14,406.9,415.0,400.0,406.7,1.93,32648.0,13178297.6,1
2024-07-15,407.1,407.1,394.0,394.0,-3.12,35012.0,13922576.3,-1
2024-07-16,397.0,415.0,393.0,414.0,5.08,48702.0,19969920.0,1
2024-07-17,420.0,420.0,405.0,410.0,-0.97,54434.0,22391974.0,-1
2024-07-18,411.0,420.0,405.0,405.0,-1.22,55746.0,22983279.6,-1
2024-07-21,410.0,422.0,403.2,419.5,3.58,82096.0,33894327.8,1
2024-07-22,424.0,436.0,410.2,418.0,-0.36,57340.0,24126923.4,-1
2024-07-23,416.0,430.0,416.0,427.0,2.15,34854.0,14852369.0,1
2024-07-24,427.0,431.0,411.0,412.1,-3.49,50033.0,20987266.8,-1
2024-07-25,408.4,422.0,408.0,408.0,-0.99,40434.0,16822034.3,-1
2024-07-28,416.1,424.0,405.0,408.0,0.0,38277.0,15708368.0,0
2024-07-29,410.0,415.0,399.0,400.0,-1.96,35841.0,14544926.9,-1
2024-07-30,399.0,423.0,397.0,423.0,5.75,63996.0,26567318.1,1
2024-07-31,425.0,439.6,425.0,427.2,0.99,65050.0,28147069.4,1
2024-08-01,429.9,440.0,422.4,424.9,-0.54,74226.0,32057146.0,-1
2024-08-05,424.0,451.0,417.0,437.0,2.85,48618.0,21183547.4,1
2024-08-06,445.0,455.0,410.0,413.0,-5.49,71062.0,30892832.2,-1
2024-08-07,413.0,442.0,409.2,436.0,5.57,50257.0,21530194.7,1
2024-08-08,440.0,444.0,419.0,428.9,-1.63,45119.0,19401071.6,-1
2024-08-11,428.0,452.0,426.0,445.1,3.78,76189.0,33337658.3,1
2024-08-12,454.0,485.0,448.0,470.0,5.59,86832.0,40920366.6,1
2024-08-13,479.4,487.0,455.0,460.0,-2.13,55722.0,25972324.1,-1
2024-08-14,465.0,469.0,449.0,465.5,1.2,53624.0,24658834.8,1
2024-08-15,474.8,485.0,455.5,460.0,-1.18,73275.0,34589190.2,-1
2024-08-18,468.0,468.0,429.0,432.2,-6.04,57119.0,25476702.2,-1
2024-08-21,440.0,443.8,428.7,430.0,-0.51,33468.0,14538750.1,-1
2024-08-22,423.0,448.8,423.0,432.9,0.67,31086.0,13586316.6,1
2024-08-25,425.1,438.0,412.7,417.0,-3.67,43340.0,18382715.3,-1
2024-08-27,412.0,421.0,400.0,400.5,-3.96,43119.0,17504972.8,-1
2024-08-28,408.5,422.0,393.0,405.0,1.12,22982.0,9372372.0,1
2024-08-29,398.3,414.0,395.0,400.0,-1.23,27771.0,11170304.3,-1
2024-09-01,395.1,405.0,390.0,391.5,-2.13,22133.0,8747683.9,-1
2024-09-02,392.0,418.9,388.1,417.0,6.51,28437.0,11578077.4,1
2024-09-03,420.0,420.0,406.7,411.0,-1.44,22553.0,9278876.6,-1
2024-09-04,418.0,418.0,378.0,396.9,-3.43,30418.0,12068171.5,-1
2024-09-05,389.0,404.0,382.0,394.0,-0.73,18383.0,7214004.8,-1
2024-09-08,401.8,413.0,394.0,400.1,1.55,35744.0,14454441.2,1
2024-09-09,399.0,406.0,394.1,398.0,-0.52,13665.0,5445335.8,-1
2024-09-10,403.0,406.0,394.0,395.0,-0.75,17476.0,7024804.4,-1
2024-09-11,402.0,402.0,385.4,390.0,-1.27,8270.0,3236476.8,-1
2024-09-12,395.0,406.0,391.0,403.9,3.56,16147.0,6445181.2,1
2024-09-15,410.0,424.0,400.0,400.0,-0.97,48890.0,20110054.6,-1
2024-09-16,397.0,428.4,394.2,417.6,4.4,118161.0,49501684.3,1
2024-09-18,421.0,427.0,413.4,415.0,-0.62,27517.0,11585276.5,-1
2024-09-22,422.9,422.9,401.0,409.0,-1.45,26764.0,10939556.5,-1
2024-09-23,402.1,406.0,386.0,388.1,-5.11,24601.0,9740112.3,-1
2024-09-24,388.1,403.7,381.0,383.0,-1.31,22197.0,8632162.4,-1
2024-09-25,375.4,390.0,375.4,390.0,1.83,9544.0,3665023.6,1
2024-09-26,382.2,397.2,373.5,375.0,-3.85,28941.0,10968021.6,-1
2024-09-29,368.1,382.8,364.0,370.0,-1.33,13721.0,5079295.2,-1
2024-09-30,370.0,381.0,364.0,374.0,1.08,7169.0,2652221.7,1
2024-10-01,375.0,393.7,373.1,393.7,5.27,16831.0,6485508.5,1
2024-10-02,399.9,399.9,382.1,382.6,-2.82,8001.0,3091482.4,-1
2024-10-06,378.1,395.0,378.1,395.0,3.24,8933.0,3456890.0,1
2024-10-07,399.8,405.0,391.0,401.9,1.75,14864.0,5929441.3,1
2024-10-08,395.0,405.0,381.3,393.0,-2.21,20080.0,7969760.0,-1
2024-10-09,386.1,400.0,385.5,386.0,-1.78,9834.0,3839642.6,-1
2024-10-15,393.0,393.7,386.1,387.3,0.34,9260.0,3606210.0,1
2024-10-16,386.1,405.9,386.1,402.9,4.03,10551.0,4223522.1,1
2024-10-17,400.0,408.8,395.0,398.0,-1.22,20612.0,8299658.8,-1
2024-10-20,391.0,409.0,387.1,389.0,-2.26,32400.0,12810381.7,-1
2024-10-21,385.1,396.7,385.1,390.9,0.49,8638.0,3361778.7,1
2024-10-22,390.0,405.0,387.1,397.9,1.79,9222.0,3637728.8,1
2024-10-23,399.0,401.2,384.5,390.0,-1.99,13511.0,5329305.6,-1
2024-10-24,385.0,400.0,385.0,397.9,2.03,13058.0,5154599.8,1
2024-10-27,400.0,419.0,391.0,417.9,5.03,49063.0,20037943.9,1
2024-10-28,420.9,434.9,417.0,425.0,1.7,53259.0,22743424.3,1
2024-10-29,430.0,452.4,428.0,443.0,4.24,70938.0,31411288.9,1
2024-10-30,435.1,449.0,421.2,426.0,-3.84,36922.0,15891202.0,-1
2024-11-05,434.5,434.5,416.0,422.0,-0.94,11705.0,4928108.0,-1
2024-11-06,429.9,437.0,415.0,427.9,1.4,26495.0,11333078.4,1
2024-11-10,430.0,448.0,428.0,439.0,2.59,55082.0,24264201.3,1
2024-11-11,447.0,450.0,427.0,428.0,-2.51,44495.0,19402521.2,-1
2024-11-12,430.0,442.9,425.0,425.5,-0.58,23875.0,10256870.5,-1
2024-11-13,432.0,462.0,426.4,455.0,6.93,82566.0,37108079.9,1
2024-11-14,463.0,489.0,456.2,480.2,5.54,137400.0,65702298.1,1
2024-11-17,480.0,497.0,463.8,464.1,-3.35,59598.0,28410621.9,-1
2024-11-19,456.0,478.0,449.0,450.3,-2.97,60968.0,28071336.4,-1
2024-11-20,450.0,468.0,448.0,456.8,1.44,42451.0,19383375.6,1
2024-11-21,451.1,464.0,440.0,440.0,-3.68,42750.0,19140242.2,-1
2024-11-24,436.0,460.0,436.0,439.9,-0.02,32111.0,14287745.7,-1
2024-11-25,436.0,451.0,432.7,448.0,1.84,30870.0,13665026.8,1
2024-11-26,445.0,465.0,439.2,463.0,3.35,37711.0,17160028.1,1
2024-11-27,465.0,468.8,451.0,452.0,-2.38,33094.0,15250453.0,-1
2024-11-28,461.0,477.3,451.2,465.0,2.88,75165.0,34851141.7,1
2024-12-01,456.1,484.0,453.0,479.8,3.18,75040.0,35439622.2,1
2024-12-02,485.9,527.5,482.0,523.9,9.19,164766.0,83611123.7,1
2024-12-03,513.5,540.0,505.0,508.9,-2.86,66388.0,34423889.6,-1
2024-12-04,510.0,529.0,498.8,510.0,0.22,95063.0,49030004.6,1
2024-12-05,510.0,515.0,491.0,493.0,-3.33,77409.0,38894409.2,-1
2024-12-08,485.5,526.2,485.5,515.0,4.46,92635.0,47243152.5,1
2024-12-09,521.0,525.0,499.0,500.2,-2.87,48429.0,24705079.6,-1
2024-12-10,510.0,510.2,497.0,497.0,-0.64,25979.0,13037361.2,-1
2024-12-11,503.0,525.0,498.0,520.0,4.63,76472.0,39340579.9,1
2024-12-12,525.0,535.5,515.0,517.0,-0.58,69440.0,36467913.1,-1
2024-12-16,508.1,514.8,493.0,495.0,-4.26,44076.0,22027168.7,-1
2024-12-17,490.0,500.0,487.0,495.0,0.0,25717.0,12707368.8,0
2024-12-18,491.2,507.0,490.0,494.9,-0.02,46165.0,23029900.9,-1
2024-12-19,495.0,500.0,481.0,491.0,-0.79,39554.0,19280881.5,-1
2024-12-22,485.0,499.0,475.0,486.0,-1.02,56663.0,27380443.9,-1
2024-12-23,477.0,502.9,477.0,500.0,2.88,27266.0,13544104.4,1
2024-12-24,490.0,525.0,490.0,513.0,2.6,83068.0,42842245.5,1
2024-12-26,523.2,523.2,501.0,501.3,-2.28,53894.0,27481583.4,-1
2024-12-29,511.3,511.3,476.1,480.0,-4.25,34845.0,17072098.7,-1
2024-12-31,470.4,481.0,455.0,465.0,-3.13,39398.0,18386521.0,-1
2025-01-01,473.5,482.0,465.4,479.9,3.2,22866.0,10851900.0,1
2025-01-02,480.0,493.6,476.5,493.5,2.83,32378.0,15745954.9,1
2025-01-05,493.5,519.9,486.0,519.0,5.17,89873.0,45631144.8,1
2025-01-06,522.0,538.9,520.0,529.0,1.93,79008.0,41996253.2,1
2025-01-07,534.0,578.0,520.2,568.0,7.37,99716.0,53772988.9,1
2025-01-08,560.0,586.5,546.1,579.0,1.94,95863.0,54934470.0,1
2025-01-09,568.0,584.0,560.0,567.0,-2.07,65096.0,37011804.8,-1
2025-01-12,562.0,563.0,542.0,544.0,-4.06,49211.0,27124632.9,-1
2025-01-13,544.3,554.0,530.0,535.0,-1.65,62798.0,33898834.2,-1
2025-01-15,532.0,556.0,532.0,555.0,3.74,61980.0,33980971.9,1
2025-01-16,560.0,566.0,545.0,549.0,-1.08,62827.0,34782921.3,-1
2025-01-19,559.9,565.0,540.0,560.0,2.0,58015.0,32328643.1,1
2025-01-20,557.0,570.0,550.1,559.0,-0.18,64701.0,36226445.4,-1
2025-01-21,565.0,566.0,545.0,545.0,-2.5,43153.0,23907088.8,-1
2025-01-22,540.0,558.0,540.0,545.0,0.0,65775.0,36137925.8,0
2025-01-23,537.0,565.0,537.0,558.0,2.39,55495.0,30956488.1,1
2025-01-26,560.0,571.0,551.0,561.0,0.54,42777.0,24157661.9,1
2025-01-27,561.0,581.3,561.0,570.0,1.6,72988.0,41874634.9,1
2025-01-28,570.0,583.0,568.0,582.0,2.11,68427.0,39477682.1,1
2025-02-02,592.9,594.9,557.7,557.7,-4.18,79593.0,45872051.8,-1
2025-02-03,560.0,568.0,545.0,552.0,-1.02,61174.0,33934017.2,-1
2025-02-04,546.0,567.8,546.0,565.0,2.36,45197.0,25299698.0,1
2025-02-05,570.0,579.9,564.0,573.0,1.42,37291.0,21313173.4,1
2025-02-06,573.0,630.3,567.0,630.3,10.0,204910.0,125064046.6,1
2025-02-09,642.9,693.0,642.9,663.5,5.27,210601.0,141101347.2,1
2025-02-10,676.5,676.5,608.0,622.0,-6.25,156672.0,99298182.6,-1
2025-02-11,622.0,642.0,613.0,620.0,-0.32,76701.0,48069687.5,-1
2025-02-12,617.2,636.3,617.2,624.0,0.65,40646.0,25444068.3,1
2025-02-13,629.9,630.0,609.3,614.0,-1.6,76608.0,47144222.0,-1
2025-02-16,605.0,633.9,605.0,630.0,2.61,57510.0,35583834.4,1
2025-02-17,632.0,638.0,605.1,620.1,-1.57,54755.0,34135279.0,-1
2025-02-18,620.0,625.0,600.0,607.0,-2.11,51066.0,30999582.0,-1
2025-02-20,608.0,609.0,585.1,585.1,-3.61,53874.0,32042295.1,-1
2025-02-23,573.4,595.5,570.1,585.0,-0.02,53373.0,31260413.4,-1
2025-02-24,578.5,603.0,578.5,590.0,0.85,34696.0,20656767.0,1
2025-02-25,590.0,598.0,576.0,580.0,-1.69,31266.0,18310460.3,-1
2025-02-27,580.0,603.0,575.0,585.0,0.86,31419.0,18346225.5,1
2025-03-02,585.0,595.0,576.1,580.0,-0.85,40605.0,23602730.2,-1
2025-03-03,580.0,589.0,569.0,569.0,-1.9,39281.0,22712526.1,-1
2025-03-04,565.0,577.0,556.6,558.8,-1.79,39607.0,22422162.0,-1
2025-03-05,550.5,569.0,550.5,567.0,1.47,21762.0,12179467.1,1
2025-03-06,578.0,578.0,561.0,570.0,0.53,19546.0,11065430.2,1
2025-03-09,565.0,572.6,553.1,556.0,-2.46,17193.0,9615137.2,-1
2025-03-10,560.0,574.0,540.0,541.0,-2.7,28731.0,15734306.3,-1
2025-03-11,541.1,549.4,525.2,528.0,-2.4,26400.0,14226297.0,-1
2025-03-12,538.0,538.0,521.0,534.0,1.14,18802.0,9940014.9,1
2025-03-16,539.9,544.0,524.4,533.0,-0.19,12765.0,6800656.6,-1
2025-03-17,543.6,543.6,522.3,528.0,-0.94,18500.0,9812971.5,-1
2025-03-18,538.4,538.4,520.0,526.0,-0.38,13781.0,7278606.7,-1
2025-03-19,520.2,532.0,511.6,519.9,-1.16,9735.0,5051707.6,-1
2025-03-20,525.0,530.0,515.0,517.78,-0.41,30744.0,15993407.8,-1
2025-03-23,525.0,525.0,502.0,506.3,-2.22,20131.0,10318878.2,-1
2025-03-24,500.0,526.7,500.0,512.1,1.15,12441.0,6411938.1,1
2025-03-25,502.0,519.9,496.0,499.64,-2.43,32116.0,16130741.2,-1
2025-03-26,509.6,519.0,497.0,513.58,2.79,24571.0,12563488.4,1
2025-03-27,522.0,523.0,507.1,518.3,0.92,16696.0,8639632.8,1
2025-03-30,515.0,545.0,512.0,530.83,2.42,24958.0,13287331.8,1
2025-04-01,541.0,541.0,516.3,524.44,-1.2,29594.0,15564520.8,-1
2025-04-02,520.0,532.0,518.0,522.23,-0.42,9627.0,5059502.3,-1
2025-04-03,520.0,531.4,512.0,515.94,-1.2,26952.0,14097208.9,-1
2025-04-07,510.0,519.7,507.0,509.22,-1.3,11835.0,6051919.2,-1
2025-04-08,515.0,515.0,496.0,510.3,0.21,13871.0,6960536.7,1
2025-04-09,519.8,520.0,504.0,508.19,-0.41,16274.0,8347644.2,-1
2025-04-10,517.3,525.0,510.0,514.01,1.15,23368.0,12088666.8,1
2025-04-13,523.2,523.2,507.3,508.12,-1.15,16577.0,8504884.4,-1
2025-04-15,518.2,540.0,508.0,525.01,3.32,60393.0,31885369.9,1
2025-04-16,535.5,545.0,525.0,533.2,1.56,29863.0,15939048.7,1
2025-04-17,543.8,543.8,521.2,527.36,-1.1,24253.0,12897388.7,-1
2025-04-20,520.0,529.9,520.0,523.44,-0.74,16181.0,8493435.0,-1
2025-04-21,533.9,540.0,519.0,526.3,0.55,13505.0,7163755.5,1
2025-04-22,519.0,536.0,519.0,521.56,-0.9,19314.0,10119726.8,-1
2025-04-23,529.0,529.0,506.2,507.62,-2.67,11666.0,5971226.4,-1
2025-04-24,502.3,537.0,500.0,507.29,-0.07,17139.0,8693861.3,-1
2025-04-27,497.5,520.0,496.1,500.26,-1.39,21445.0,10820943.1,-1
2025-04-28,500.0,507.0,493.0,494.42,-1.17,29693.0,14836233.5,-1
2025-04-29,488.3,516.0,488.1,491.48,-0.59,25766.0,12925411.0,-1
2025-04-30,501.3,509.0,485.1,489.56,-0.39,18133.0,8907294.0,-1
2025-05-04,499.3,509.2,477.3,481.91,-1.56,18837.0,9110449.0,-1
2025-05-05,491.5,499.0,470.4,476.96,-1.03,17414.0,8409240.5,-1
2025-05-06,486.0,504.0,476.0,488.07,2.33,23266.0,11488973.6,1
2025-05-07,497.8,515.0,481.0,501.07,2.66,26324.0,13282690.8,1
2025-05-08,495.0,515.0,492.3,498.16,-0.58,17796.0,8984698.3,-1
2025-05-11,508.1,528.5,498.1,500.63,0.5,20709.0,10477337.8,1
2025-05-13,510.6,518.0,495.0,497.71,-0.58,16323.0,8162289.5,-1
2025-05-14,490.0,499.9,479.4,489.93,-1.56,23485.0,11449978.5,-1
2025-05-15,481.0,499.0,474.1,476.28,-2.79,16701.0,8141390.7,-1
2025-05-18,485.5,495.2,460.6,464.05,-2.57,16249.0,7693472.3,-1
2025-05-19,473.3,488.0,465.2,477.22,2.84,9774.0,4663523.0,1
2025-05-20,482.0,497.9,470.0,490.38,2.76,19192.0,9305417.0,1
2025-05-21,500.0,528.0,478.9,488.28,-0.43,14731.0,7286651.5,-1
2025-05-22,491.0,497.0,476.0,478.07,-2.09,8948.0,4294450.0,-1
2025-05-25,471.3,487.5,471.3,480.72,0.55,5345.0,2536796.2,1
2025-05-26,490.3,510.0,471.0,472.4,-1.73,23146.0,11094497.6,-1
2025-05-27,466.1,490.0,466.1,476.62,0.89,6163.0,2959590.1,1
2025-05-28,469.3,488.0,463.0,474.04,-0.54,16737.0,8016414.0,-1
2025-06-02,472.0,501.8,466.2,469.7,-0.92,17809.0,8488261.0,-1
2025-06-03,479.0,488.2,458.3,459.5,-2.17,10945.0,5059245.4,-1
2025-06-04,460.0,463.0,454.1,456.18,-0.72,5191.0,2368141.4,-1
2025-06-05,448.2,472.0,448.2,462.42,1.37,16886.0,7797292.1,1
2025-06-08,471.6,481.0,461.5,466.11,0.8,11389.0,5329900.6,1
2025-06-09,475.4,488.0,463.2,480.84,3.16,24924.0,11846597.3,1
2025-06-10,490.0,515.0,476.0,494.8,2.9,43885.0,21730187.7,1
2025-06-11,495.0,501.0,472.5,489.51,-1.07,18070.0,8767761.5,-1
2025-06-12,499.0,499.0,478.2,483.76,-1.17,14892.0,7247278.0,-1
2025-06-15,474.2,492.8,470.0,472.82,-2.26,22580.0,10723140.7,-1
2025-06-16,482.2,491.8,473.7,475.41,0.55,9603.0,4606975.6,1
2025-06-17,466.3,483.9,466.3,469.72,-1.2,11927.0,5651709.0,-1
2025-06-18,476.0,480.0,462.2,463.46,-1.33,17072.0,7942570.7,-1
2025-06-19,470.0,470.0,452.0,456.3,-1.54,19964.0,9156133.8,-1
2025-06-22,451.0,469.1,450.0,451.18,-1.12,8903.0,4067784.0,-1
2025-06-23,460.0,468.0,452.0,456.43,1.16,7043.0,3218645.8,1
2025-06-24,465.5,471.0,452.9,454.05,-0.52,8238.0,3777439.3,-1
2025-06-25,463.1,472.3,445.0,454.37,0.07,8968.0,4093839.5,1
2025-06-26,454.0,468.0,454.0,456.96,0.57,9145.0,4204108.9,1
2025-06-29,466.0,470.0,455.0,462.69,1.25,20926.0,9707778.3,1
2025-06-30,463.3,469.0,455.7,457.54,-1.11,8574.0,3958777.5,-1
2025-07-01,466.6,466.6,455.6,463.12,1.22,6158.0,2833916.9,1
2025-07-02,472.3,488.0,460.0,465.93,0.61,29675.0,13976785.4,1
2025-07-03,466.0,475.0,464.0,468.85,0.63,27472.0,12849921.7,1
2025-07-06,470.6,484.9,469.1,478.28,2.01,24724.0,11827214.5,1
2025-07-07,487.8,487.8,466.1,468.36,-2.07,17934.0,8557072.5,-1
2025-07-08,477.7,477.7,462.1,471.07,0.58,8425.0,3961363.4,1
2025-07-09,472.0,492.0,472.0,486.25,3.22,52435.0,25404789.9,1
2025-07-10,493.0,493.6,475.0,475.49,-2.21,15141.0,7266835.8,-1
2025-07-13,484.9,494.0,466.7,468.34,-1.5,18799.0,8995606.5,-1
2025-07-14,468.0,474.0,462.1,464.59,-0.8,9055.0,4231716.5,-1
2025-07-15,465.2,471.0,462.0,468.32,0.8,15356.0,7152878.4,1
2025-07-16,461.1,475.0,461.1,473.61,1.13,16909.0,7976124.5,1
2025-07-17,475.0,497.0,475.0,492.73,4.04,33357.0,16328292.7,1
2025-07-20,495.0,520.0,488.0,498.46,1.16,48244.0,24474022.1,1
2025-07-21,508.4,525.0,491.1,516.21,3.56,45430.0,23274641.1,1
2025-07-22,526.5,540.0,524.1,529.22,2.52,43769.0,23135814.4,1
2025-07-23,525.0,537.0,511.1,529.61,0.07,40662.0,21249598.3,1
2025-07-24,540.2,540.2,519.0,525.16,-0.84,37856.0,19870745.3,-1
2025-07-27,535.6,535.6,508.0,508.27,-3.22,51656.0,26739839.9,-1
2025-07-28,509.0,515.0,495.0,510.75,0.49,32288.0,16273342.1,1
2025-07-29,520.9,526.8,511.0,514.5,0.73,29752.0,15414666.5,1
2025-07-30,504.3,524.5,500.0,502.74,-2.29,15675.0,7926631.7,-1
2025-07-31,495.1,512.7,495.1,503.42,0.14,25762.0,13009969.5,1
2025-08-03,513.0,523.0,499.8,502.79,-0.13,17326.0,8784742.3,-1
2025-08-04,511.0,511.0,493.0,497.48,-1.06,13136.0,6548414.7,-1
2025-08-05,500.0,504.0,484.1,487.98,-1.91,18394.0,9061353.7,-1
2025-08-06,478.3,501.8,478.3,485.39,-0.53,6450.0,3145887.4,-1
2025-08-07,485.0,495.0,482.3,491.08,1.17,11585.0,5692861.1,1
2025-08-11,500.0,500.0,480.2,480.68,-2.12,18432.0,8933910.8,-1
2025-08-12,490.0,490.0,472.0,482.29,0.33,10316.0,4925170.7,1
2025-08-13,490.0,499.0,483.7,485.37,0.64,18074.0,8885685.9,1
2025-08-14,481.0,494.9,478.0,481.38,-0.82,15093.0,7293298.2,-1
2025-08-17,483.0,495.0,483.0,491.75,2.15,14393.0,7062892.3,1
2025-08-18,501.5,524.0,490.0,518.44,5.43,86855.0,44433986.4,1
2025-08-19,508.1,528.0,505.0,506.9,-2.23,22084.0,11364494.5,-1
2025-08-20,506.9,511.0,501.6,506.63,-0.05,8534.0,4327687.2,-1
2025-08-21,499.1,510.0,490.0,491.25,-3.04,27878.0,13843523.4,-1
2025-08-24,491.0,492.1,482.6,484.25,-1.42,19132.0,9294613.2,-1
2025-08-25,490.0,496.0,481.0,490.79,1.35,12109.0,5938361.3,1
2025-08-26,481.2,499.0,481.2,487.25,-0.72,5117.0,2489227.6,-1
2025-08-27,483.1,502.7,483.1,493.68,1.32,11842.0,5846902.0,1
2025-08-28,493.0,510.0,486.0,486.34,-1.49,12282.0,6036570.9,-1
2025-08-31,477.7,495.9,477.7,485.98,-0.07,9197.0,4463007.4,-1
2025-09-01,486.0,488.0,480.1,484.87,-0.23,11690.0,5654632.6,-1
2025-09-02,480.1,492.0,479.0,480.1,-0.98,9979.0,4796759.3,-1
2025-09-03,479.0,485.0,461.0,474.04,-1.26,6758.0,3225347.6,-1
2025-09-04,480.0,480.0,451.0,467.58,-1.36,10016.0,4629780.5,-1
2025-09-07,468.0,469.2,459.0,463.89,-0.79,5516.0,2542876.5,-1
2025-09-08,463.5,463.5,446.4,450.38,-2.91,11844.0,5347878.1,-1
2025-09-18,441.4,445.0,437.0,437.0,-2.97,327.0,144701.0,-1
2025-09-21,429.1,470.0,429.1,456.38,4.43,11978.0,5399058.3,1
2025-09-23,457.5,473.9,457.5,473.0,3.64,16349.0,7660010.3,1
2025-09-24,465.1,482.4,465.1,479.9,1.46,6606.0,3138031.5,1
2025-09-25,479.0,483.9,474.4,480.0,0.02,8036.0,3837280.9,1
2025-09-28,480.0,487.4,475.0,481.0,0.21,3437.0,1644495.1,1
2025-10-07,472.0,475.0,456.7,456.7,-5.05,6287.0,2922102.6,-1
2025-10-08,465.0,465.0,439.8,458.0,0.28,8448.0,3782948.7,1
2025-10-09,465.1,480.0,452.1,470.8,2.79,11533.0,5336363.4,1
2025-10-12,462.0,462.0,442.2,443.0,-5.9,6829.0,3067640.7,-1
2025-10-13,440.0,454.0,440.0,453.0,2.26,6168.0,2760427.0,1
2025-10-14,444.5,452.0,444.0,452.0,-0.22,2767.0,1232340.1,-1
2025-10-15,443.0,450.0,428.3,444.2,-1.73,9775.0,4255772.5,-1
2025-10-16,435.7,435.7,418.0,426.9,-3.89,5221.0,2210637.2,-1
2025-10-19,426.9,428.0,418.5,420.0,-1.62,3680.0,1550761.9,-1
2025-10-26,420.0,427.9,411.7,426.0,1.43,5961.0,2481511.3,1
2025-10-28,431.8,448.0,417.7,448.0,5.16,3701.0,1602267.6,1
2025-10-29,455.0,455.0,435.0,436.1,-2.66,5751.0,2543384.2,-1
2025-10-30,428.0,450.8,428.0,437.0,0.21,7220.0,3184972.8,1
2025-11-02,438.5,455.0,438.5,455.0,4.12,9984.0,4466047.2,1
2025-11-03,446.1,455.1,444.0,449.0,-1.32,5875.0,2637777.0,-1
2025-11-04,440.2,445.0,435.0,440.0,-2.0,12091.0,5337988.3,-1
2025-11-05,448.0,448.0,432.4,440.0,0.0,2430.0,1056140.0,0
2025-11-06,435.2,447.7,435.2,442.0,0.45,6743.0,2986725.9,1
2025-11-09,436.0,448.8,433.2,439.9,-0.48,4788.0,2114061.6,-1
2025-11-10,432.4,440.0,425.4,440.0,0.02,2877.0,1245255.3,1
2025-11-11,445.0,447.0,432.0,443.0,0.68,5249.0,2312106.8,1
2025-11-12,435.0,443.0,427.5,427.6,-3.48,5903.0,2559435.1,-1
2025-11-13,427.0,446.0,427.0,442.0,3.37,13864.0,6088462.9,1
2025-11-16,434.0,465.9,434.0,457.0,3.39,45718.0,20948729.2,1
2025-11-17,465.0,465.0,448.0,455.0,-0.44,6823.0,3097464.0,-1
2025-11-18,448.7,463.5,448.1,458.0,0.66,12726.0,5812747.7,1
2025-11-19,449.7,460.0,449.6,455.5,-0.55,13454.0,6101537.6,-1
2025-11-20,450.0,461.0,445.0,445.0,-2.31,10923.0,4944031.9,-1
2025-11-23,437.4,461.9,437.4,461.5,3.71,7758.0,3546931.2,1
2025-11-24,458.0,469.9,455.0,455.1,-1.39,24581.0,11206969.8,-1
2025-11-25,446.1,474.0,446.1,470.0,3.27,21494.0,10033287.3,1
2025-11-26,479.4,479.4,466.2,469.0,-0.21,17307.0,8131564.9,-1
2025-11-27,465.1,475.0,458.0,460.0,-1.92,18830.0,8768301.7,-1
2025-11-30,450.9,469.0,450.9,455.0,-1.09,15642.0,7199306.7,-1
2025-12-01,450.3,464.0,450.3,457.0,0.44,13763.0,6268849.0,1
2025-12-02,465.9,465.9,442.0,457.0,0.0,6485.0,2935737.9,0
2025-12-03,450.2,467.9,450.2,456.0,-0.22,12022.0,5523419.2,-1
2025-12-07,451.1,460.0,450.0,453.0,-0.66,11617.0,5279296.0,-1
2025-12-08,450.0,462.0,450.0,458.5,1.21,17501.0,7984959.4,1
2025-12-09,450.3,476.1,450.3,471.9,2.92,28330.0,13301979.7,1
2025-12-10,462.5,486.8,462.5,481.0,1.93,29707.0,14286647.6,1
2025-12-11,471.4,487.0,471.0,474.0,-1.46,22209.0,10596354.3,-1
2025-12-14,479.0,480.0,458.0,458.0,-3.38,12932.0,6024978.6,-1
2025-12-15,455.5,465.0,455.5,462.0,0.87,7926.0,3650528.5,1
2025-12-16,462.0,472.6,462.0,469.0,1.52,8742.0,4072824.6,1
2025-12-17,462.0,474.0,461.1,466.0,-0.64,10417.0,4838854.5,-1
2025-12-18,462.0,471.8,462.0,469.4,0.73,8381.0,3911567.7,1
2025-12-21,462.0,468.0,455.0,460.0,-2.0,7255.0,3328926.9,-1
2025-12-22,453.0,457.1,447.2,451.0,-1.96,9043.0,4084174.7,-1
2025-12-23,447.5,457.1,447.5,454.9,0.86,13627.0,6170570.5,1
2025-12-24,456.0,462.9,452.0,457.0,0.46,4936.0,2243828.9,1
2025-12-28,453.1,467.0,453.1,458.0,0.22,5257.0,2412022.8,1
2025-12-29,458.0,465.0,455.6,460.0,0.44,8399.0,3844943.4,1
2025-12-31,460.0,469.0,460.0,465.4,1.17,13437.0,6240198.8,1
2026-01-01,463.0,467.0,455.6,459.0,-1.38,18870.0,8688471.1,-1
2026-01-04,459.1,462.0,455.1,460.0,0.22,9400.0,4295285.2,1
2026-01-05,463.9,467.0,456.3,466.0,1.3,13679.0,6326727.1,1
2026-01-06,465.0,480.0,461.0,469.0,0.64,18000.0,8494844.6,1
2026-01-07,478.0,478.0,457.1,464.0,-1.07,7886.0,3667384.6,-1
2026-01-08,463.0,466.0,456.0,460.0,-0.86,13361.0,6146447.0,-1
2026-01-12,451.1,469.0,451.1,456.0,-0.87,9067.0,4171659.1,-1
2026-01-13,465.0,465.0,451.6,453.1,-0.64,11889.0,5417008.5,-1
2026-01-14,453.0,460.9,450.1,450.3,-0.62,9855.0,4471871.7,-1
2026-01-18,444.5,459.2,444.5,451.1,0.18,8616.0,3896258.1,1
2026-01-20,460.0,464.0,450.0,450.0,-0.24,21895.0,9967056.4,-1
2026-01-21,454.0,468.0,454.0,468.0,4.0,27792.0,12865881.1,1
2026-01-22,460.0,469.0,459.0,462.5,-1.18,8432.0,3891561.7,-1
2026-01-25,457.0,474.9,457.0,472.0,2.05,19758.0,9277529.2,1
2026-01-26,470.0,476.7,466.0,476.0,0.85,17220.0,8122538.0,1
2026-01-27,468.3,500.0,468.3,485.2,1.93,55557.0,26976507.4,1
2026-01-28,486.0,517.0,486.0,506.0,4.29,83479.0,42029085.2,1
2026-01-29,501.0,516.0,492.0,493.0,-2.57,32215.0,16219830.9,-1
2026-02-01,488.1,494.0,480.0,485.0,-1.62,17033.0,8257792.6,-1
2026-02-02,481.5,492.0,481.5,486.6,0.33,32206.0,15668208.6,1
2026-02-03,485.0,500.0,485.0,494.0,1.52,31599.0,15516841.2,1
2026-02-04,491.2,515.9,491.2,503.0,1.82,35249.0,17859662.0,1
2026-02-05,493.1,539.0,493.1,538.0,6.96,146008.0,76299056.1,1
2026-02-08,528.0,551.9,528.0,549.0,2.04,65395.0,35618290.7,1
2026-02-09,538.1,568.0,538.1,551.0,0.36,93784.0,51474473.3,1
2026-02-10,540.0,553.5,538.0,544.0,-1.27,44874.0,24329243.8,-1
2026-02-11,538.0,550.0,530.0,539.0,-0.92,42452.0,22704120.4,-1
2026-02-12,530.0,540.0,530.0,533.1,-1.09,31168.0,16636348.8,-1
2026-02-16,535.0,538.9,531.0,535.0,0.36,20168.0,10775632.2,1
2026-02-17,525.0,540.0,525.0,530.1,-0.92,20213.0,10742393.0,-1
2026-02-22,522.0,527.0,500.0,502.0,-5.3,20657.0,10616822.3,-1
2026-02-23,502.0,516.0,501.2,503.2,0.24,13761.0,6945260.5,1
2026-02-24,500.0,550.8,500.0,532.0,5.72,39567.0,20787234.7,1
2026-02-25,542.6,555.0,538.0,554.1,4.15,87723.0,48157278.1,1
2026-02-26,545.0,565.0,545.0,558.0,0.7,49101.0,27299838.5,1
2026-03-01,546.9,561.0,544.0,551.9,-1.09,22044.0,12125534.8,-1
2026-03-03,543.5,565.9,543.5,564.8,2.34,33914.0,18996030.1,1
2026-03-09,576.0,587.5,576.0,587.5,4.02,710.0,413675.0,1
2026-03-10,599.0,599.0,566.1,570.0,-2.98,51881.0,29709633.5,-1
2026-03-11,570.0,578.9,551.3,551.8,-3.19,30497.0,17143229.7,-1
2026-03-12,542.5,560.0,542.5,555.0,0.58,31600.0,17437986.0,1
2026-03-15,545.0,565.0,545.0,546.2,-1.59,36764.0,20230500.7,-1
2026-03-16,540.0,549.0,540.0,548.0,0.33,45431.0,24689522.5,1
2026-03-17,541.0,582.0,541.0,571.4,4.27,207373.0,115507722.6,1
2026-03-19,581.0,582.0,565.1,565.1,-1.1,83634.0,47678362.1,-1
2026-03-22,565.2,572.0,548.0,561.0,-0.73,53101.0,29454168.3,-1
2026-03-23,550.3,559.0,544.2,559.0,-0.36,24622.0,13527637.7,-1
2026-03-24,547.9,557.0,547.9,553.0,-1.07,36014.0,19869178.2,-1
2026-03-25,559.0,559.0,546.0,547.0,-1.08,40535.0,22291232.9,-1
2026-03-26,555.0,557.9,545.0,556.0,1.65,29386.0,16250171.5,1
2026-03-29,556.0,556.0,532.0,532.0,-4.32,22903.0,12396091.2,-1
2026-03-30,530.0,535.0,520.0,521.0,-2.07,24797.0,13011132.2,-1
2026-03-31,515.0,529.0,513.0,521.0,0.0,12618.0,6575760.6,0
2026-04-01,511.0,530.0,500.0,500.5,-3.93,21440.0,10847794.0,-1
2026-04-02,510.0,519.0,491.0,506.0,1.1,20494.0,10358612.9,1
2026-04-05,495.9,498.0,470.0,476.0,-5.93,139525.0,67948345.4,-1
2026-04-06,470.0,519.0,470.0,519.0,9.03,10927.0,5377876.7,1
2026-04-07,509.0,515.0,498.9,500.0,-3.66,14395.0,7266945.5,-1
2026-04-08,490.0,519.0,490.0,518.0,3.6,11297.0,5765829.9,1
2026-04-09,517.0,523.7,513.0,523.7,1.1,5029.0,2614450.0,1
2026-04-10,515.0,531.0,515.0,530.0,1.2,27842.0,14533647.8,1
2026-04-13,530.0,540.0,526.0,537.0,1.32,47431.0,25267714.7,1
2026-04-15,527.0,579.0,527.0,535.0,-0.37,77743.0,41592079.4,-1
2026-04-16,526.0,556.0,518.1,524.0,-2.06,15366.0,8074866.1,-1
2026-04-17,528.0,528.0,510.0,515.0,-1.72,3089.0,1592499.9,-1
2026-04-20,506.5,512.0,501.0,505.1,-1.92,28351.0,14385690.8,-1
2026-04-21,500.1,509.5,500.0,506.0,0.18,4891.0,2470163.0,1
2026-04-22,500.0,515.0,489.0,506.0,0.0,11460.0,5719163.5,0
2026-04-23,500.0,513.0,500.0,513.0,1.38,19471.0,9760702.8,1
2026-04-24,510.0,526.2,500.0,526.2,2.57,9725.0,4959865.7,1
2026-04-27,500.0,529.0,500.0,529.0,0.53,9445.0,4902647.5,1
2026-04-28,510.0,593.0,485.0,485.0,-8.32,45635.0,23368757.7,-1
2026-04-29,485.0,513.0,484.6,495.0,2.06,10368.0,5104522.8,1
2026-04-30,485.0,495.8,485.0,493.9,-0.22,8072.0,3963286.1,-1
2026-05-04,493.9,500.0,475.9,484.0,-2.0,12853.0,6229907.2,-1
2026-05-05,480.0,550.0,476.0,538.0,11.16,43589.0,21487815.1,1
2026-05-06,511.1,572.6,499.0,570.0,5.95,203859.0,102195683.8,1
2026-05-07,541.5,541.5,499.7,518.0,-9.12,41031.0,20863310.8,-1
2026-05-08,503.1,513.8,503.1,510.0,-1.54,6633.0,3365460.8,-1
2026-05-11,510.0,520.1,500.0,512.0,0.39,9017.0,4600335.1,1
2026-05-12,512.0,527.0,498.0,498.1,-2.71,17719.0,8901999.8,-1
2026-05-13,505.0,505.0,487.0,493.0,-1.02,7746.0,3795940.5,-1
2026-05-14,495.0,496.0,482.0,495.0,0.41,17065.0,8277534.4,1
2026-05-15,483.0,497.0,483.0,492.0,-0.61,10359.0,5037172.3,-1
2026-05-18,492.0,492.0,485.0,485.2,-1.38,5403.0,2631074.6,-1
2026-05-19,487.0,489.6,484.0,488.0,0.58,4976.0,2424117.0,1
2026-05-20,502.0,561.2,470.5,561.2,15.0,45460.0,22296684.5,1
2026-05-21,533.2,533.2,477.1,477.3,-14.95,111399.0,53640146.6,-1
2026-05-22,476.0,488.0,475.0,477.5,0.04,17874.0,8570685.3,1
2026-05-25,478.1,485.7,478.1,481.0,0.73,18055.0,8689172.2,1
2026-05-26,485.0,487.9,476.0,478.1,-0.6,16295.0,7811961.1,-1
2026-05-27,478.0,478.9,471.5,475.1,-0.63,11843.0,5626824.5,-1
2026-06-01,476.0,479.5,465.0,467.0,-1.7,18226.0,8579212.5,-1
2026-06-02,464.1,465.0,456.8,462.9,-0.88,15594.0,7184390.4,-1
2026-06-03,460.1,470.0,460.0,465.5,0.56,18512.0,8555109.2,1
2026-06-04,465.5,465.5,459.0,465.0,-0.11,7618.0,3529247.0,-1
2026-06-05,462.9,464.0,460.0,463.5,-0.32,6424.0,2965612.5,-1
2026-06-08,458.0,464.3,451.3,460.0,-0.76,10453.0,4773284.1,-1
2026-06-09,450.2,459.0,450.0,459.0,-0.22,8836.0,4001487.9,-1
2026-06-10,450.0,527.8,428.0,428.0,-6.75,48476.0,22130826.0,-1
2026-06-11,440.8,459.0,440.8,454.0,6.07,16809.0,7603787.3,1
2026-06-12,454.0,455.0,440.0,450.0,-0.88,9750.0,4338538.8,-1
2026-06-15,440.5,445.0,435.0,437.0,-2.89,7006.0,3062847.8,-1
2026-06-16,437.0,437.0,425.0,429.0,-1.83,10206.0,4367362.0,-1
2026-06-17,426.0,430.0,424.0,428.0,-0.23,7636.0,3251818.5,-1
2026-06-18,437.5,437.5,422.2,423.0,-1.17,7715.0,3279029.9,-1
2026-06-19,423.0,429.5,415.0,420.9,-0.5,7644.0,3205653.0,-1
2026-06-22,420.9,425.0,411.0,424.0,0.74,10465.0,4402364.4,1
2026-06-23,421.0,422.0,416.2,422.0,-0.47,5418.0,2258863.0,-1
2026-06-24,412.0,415.0,403.2,414.0,-1.9,6973.0,2847559.0,-1
2026-06-25,402.0,413.4,402.0,411.9,-0.51,4684.0,1917317.0,-1
2026-06-26,417.0,427.0,410.0,423.0,2.69,6563.0,2738843.3,1
2026-06-29,444.1,444.1,416.0,416.6,-1.51,6385.0,2664758.3,-1
2026-06-30,420.0,467.0,420.0,421.1,1.08,16470.0,6989970.8,1
2026-07-01,417.0,432.0,416.2,432.0,2.59,10977.0,4649072.0,1
2026-07-02,420.0,496.8,407.7,496.8,15.0,31541.0,13368354.7,1
2026-07-03,497.0,497.0,422.6,429.0,-13.65,99792.0,42265478.8,-1
2026-07-06,422.3,422.3,411.0,414.0,-3.5,6826.0,2833360.0,-1
2026-07-07,403.1,415.0,403.1,410.0,-0.97,5387.0,2192766.5,1
2026-07-08,401.0,405.4,391.3,391.3,-4.56,11015.0,4385143.3,-1
2026-07-09,393.0,394.5,380.0,381.0,-2.63,9055.0,3484983.0,-1
2026-07-10,380.0,391.0,380.0,384.5,0.92,17510.0,6678449.5,1
2026-07-13,373.1,380.0,367.1,368.9,-4.06,8160.0,3032201.3,-1
2026-07-14,367.0,367.0,343.0,357.0,-3.23,23153.0,8170194.2,-1
2026-07-15,358.0,367.0,350.3,358.0,0.28,7237.0,2602488.5,0
2026-07-16,366.5,374.9,358.2,358.2,0.06,10191.0,3699994.2,-1
2026-07-17,366.9,379.0,366.9,373.0,4.13,11147.0,4143021.8,1
2026-07-20,375.0,381.8,365.0,370.1,-0.78,12330.0,4615235.2,-1
2026-07-21,365.2,375.0,365.2,371.0,0.24,18169.0,6750118.6,1
2026-07-22,382.0,382.0,369.0,372.0,0.27,13376.0,4961500.7,-1
2026-07-23,379.8,379.8,360.0,362.2,-2.63,10466.0,3803737.1,-1
2026-07-24,367.0,369.0,358.1,359.5,-0.75,7061.0,2557107.5,-1
2026-07-27,365.0,365.0,347.5,350.0,-2.64,9670.0,3410851.7,-1
2026-07-28,350.0,354.0,348.0,348.0,-0.57,4785.0,1672527.5,-1
2026-07-29,346.0,354.8,345.0,345.0,-0.86,4712.0,1638503.3,-1
2026-07-30,345.0,354.9,340.1,340.1,-1.42,4850.0,1674835.5,-1
2026-07-31,339.0,365.0,337.0,362.0,6.44,24501.0,8588236.0,1
2026-08-03,350.0,375.0,350.0,369.1,1.96,18495.0,6838526.5,1
2026-08-04,383.0,383.0,354.0,361.0,-2.19,3828.0,1378938.0,-1
2026-08-05,367.0,367.0,354.0,354.1,-1.91,5447.0,1937592.6,-1
2026-08-06,350.0,407.2,350.0,407.2,15.0,16882.0,6115479.7,1
2026-08-07,388.0,388.0,356.0,379.0,-6.93,124394.0,45175849.9,-1
2026-08-10,380.0,380.0,363.0,379.7,0.18,20845.0,7675534.0,-1
2026-08-11,365.0,436.6,353.6,436.6,14.99,74681.0,27530322.9,1
2026-08-12,425.0,425.0,371.2,371.2,-14.98,45339.0,16863883.6,-1
2026-08-13,372.0,372.0,353.0,359.0,-3.29,61187.0,21704478.5,-1
2026-08-14,341.1,351.0,332.0,342.0,-4.74,63497.0,21640841.5,1
2026-08-18,341.5,344.5,335.3,341.0,0.15,7964.0,2698931.9,-1
2026-08-19,341.0,348.0,332.1,333.0,-2.35,18304.0,6112952.3,-1
2026-08-20,349.6,349.6,332.1,338.4,1.62,10224.0,3442263.4,-1
2026-08-21,333.0,342.0,330.0,330.1,-2.45,19338.0,6454651.0,-1
2026-08-24,335.0,335.0,321.2,321.7,-2.54,11308.0,3668435.2,-1
2026-08-25,321.7,331.3,317.0,320.0,-0.53,17522.0,5630196.1,-1
2026-08-26,321.0,322.0,302.5,306.0,-4.38,12837.0,3962476.4,-1
2026-08-27,297.0,305.5,297.0,301.0,-1.63,9032.0,2715033.0,1
2026-08-31,300.0,300.0,286.0,287.1,-4.62,10586.0,3073817.5,-1
2026-09-01,278.6,299.0,278.6,287.5,0.14,7721.0,2255907.2,1
2026-09-02,282.0,296.1,282.0,291.0,1.22,1297.0,373610.1,1
2026-09-03,290.0,305.0,290.0,300.0,3.09,10180.0,3035428.4,1
2026-09-07,305.0,314.0,260.0,260.0,-13.33,7071.0,2068687.9,-1
2026-09-09,267.8,299.0,267.8,299.0,15.0,24818.0,7393913.1,1
2026-09-10,307.0,330.0,305.0,320.0,7.02,26539.0,8473486.3,1
2026-09-11,320.0,331.6,313.1,323.1,0.97,11612.0,3743628.8,1
2026-09-14,323.0,342.4,322.1,330.9,2.41,7071.0,2349776.5,1
2026-09-15,347.0,347.0,330.1,334.0,0.94,40348.0,13654149.8,-1
2026-09-16,350.0,350.0,323.0,327.0,-2.1,4356.0,1432895.5,-1
2026-09-17,335.0,336.8,318.0,318.0,-2.75,9696.0,3155503.4,-1
2026-09-18,315.0,328.0,315.0,328.0,3.14,12566.0,4085731.0,1
2026-09-22,320.1,330.0,320.1,326.1,-0.58,13207.0,4300602.6,1
2026-09-23,328.0,331.0,324.5,330.0,1.2,19055.0,6264591.3,1
2026-09-24,330.0,342.0,330.0,339.0,2.73,12772.0,4291620.4,1
2026-09-28,339.0,355.0,325.0,339.9,0.27,41147.0,13641487.5,1
2026-09-30,367.0,367.0,342.0,352.0,0.57,10705.0,3727011.4,-1
2026-10-01,352.0,360.0,340.0,350.0,-0.57,3295.0,1135214.9,-1
2026-10-02,346.0,349.9,333.0,345.0,-1.43,38293.0,13056478.1,-1
2026-10-06,323.1,334.0,323.0,328.1,0.89,4423.0,1457276.0,1
2026-10-07,327.0,328.9,323.2,328.9,0.24,3401.0,1109421.0,1
2026-10-08,320.2,330.0,320.2,330.0,0.33,9040.0,2939333.8,1
2026-10-09,315.0,334.7,315.0,334.7,1.42,50662.0,16451231.1,1
